"","X.2","X.1","X","Y","Z","X_noisy","Y_noisy","Z_noisy","X_theta_post","Y_theta_post","Z_theta_post","log_likelihood"
"1",1,1,0.779851476447594,-0.346858820507294,0.521076417926196,1.15779676856031,-0.358092222761102,0.75082076082825,NA,NA,NA,Inf
"2",2,2,0.940329681735968,0.115944191043522,-0.319901600823747,1.03779049083883,0.111896625268786,-0.124367525640981,NA,NA,NA,Inf
"3",3,3,0.747089466253309,-0.466557056553223,-0.473478449766976,0.591779321117858,-0.230598003881898,-0.454837203925679,NA,NA,NA,Inf
"4",4,4,0.448515247339005,0.811192681817672,-0.375233934859155,-0.10515972445537,1.01649798059219,-0.872571858824998,NA,NA,NA,Inf
"5",5,5,0.955631463297959,0.213824946415614,0.202601576117664,1.23686419283374,0.362300276719991,0.357558013091341,NA,NA,NA,Inf
